{
  "group_names": [
    "1245",
    "1118",
    "1113",
    "125",
    "1111",
    "129",
    "1137",
    "1146",
    "113",
    "1213",
    "2128",
    "2030",
    "1140",
    "2148",
    "2144",
    "2143",
    "2221",
    "2229",
    "2238",
    "2231",
    "2122",
    "2323",
    "1241",
    "2324",
    "2326",
    "115",
    "1136",
    "2319",
    "2333",
    "1114",
    "233",
    "211",
    "2347",
    "234",
    "2142",
    "2327",
    "2320",
    "1110",
    "222",
    "117",
    "128",
    "2332",
    "127",
    "2339"
  ],
  "gini_commit": [
    0.10000000000000009,
    0.375,
    0.125,
    0.3333333333333335,
    0.28125,
    0.0714285714285714,
    0.2727272727272727,
    0.2666666666666666,
    0.3088235294117647,
    0.48,
    0.0,
    0.10322580645161294,
    0.42500000000000004,
    0.2777777777777777,
    0.43137254901960786,
    0.1785714285714286,
    0.1071428571428572,
    0.0,
    0.32317073170731714,
    0.3534883720930233,
    0.3700000000000001,
    0.0,
    0.25,
    0.41666666666666674,
    0.45333333333333337,
    0.09150326797385633,
    0.17266187050359716,
    0.42170542635658914,
    0.32413793103448274,
    0.2946428571428572,
    0.37790697674418605,
    0.39240506329113933,
    0.38888888888888906,
    0.5290322580645161,
    0.27500000000000013,
    0.1777777777777778,
    0.22857142857142865,
    0.4243902439024392,
    0.12055837563451766,
    0.4874251497005988,
    0.14860681114551078,
    0.23902439024390243,
    0.44354838709677424,
    0.24708860759493678
  ],
  "gini_add_lines": [
    0.03679653679653683,
    0.47397425869302423,
    0.375886524822695,
    0.32315112540192925,
    0.5338660578386605,
    0.03658536585365857,
    0.6591676737628211,
    0.7435569873361476,
    0.2849355797819624,
    0.7993905089041204,
    0.3950617283950617,
    0.7843016934510956,
    0.3351948374286424,
    0.43726235741444874,
    0.6659356725146199,
    0.608251680581056,
    0.354261796042618,
    0.0,
    0.7107757786805959,
    0.2534506089309878,
    0.7495131450827652,
    0.0,
    0.49900340436097435,
    0.6649029907650597,
    0.44020234028156,
    0.4439729210871983,
    0.474773116465812,
    0.5918021525074422,
    0.5565906090891948,
    0.38907842522574887,
    0.5353559322033898,
    0.45696536144578315,
    0.6263510672503774,
    0.39677250440329415,
    0.49650189716314097,
    0.3963045794484783,
    0.42973338936358974,
    0.6581509044189706,
    0.24039125604299905,
    0.5927304286458763,
    0.664684795767293,
    0.30277979631457375,
    0.4635184293440129,
    0.41085499773231904
  ]
}