{
  "group_names": [
    "19",
    "26",
    "18",
    "24",
    "35",
    "38",
    "14",
    "39",
    "40",
    "31",
    "23",
    "17",
    "2",
    "32",
    "29",
    "5",
    "20",
    "27",
    "team19",
    "team39",
    "4",
    "22",
    "8",
    "9",
    "34",
    "team36",
    "28",
    "team_30",
    "team15",
    "team1",
    "0",
    "team16",
    "11",
    "13",
    "team25",
    "7777777"
  ],
  "gini_commit": [
    0.16666666666666674,
    0.18823529411764706,
    0.4869565217391305,
    0.375,
    0.45967741935483875,
    0.33333333333333326,
    0.38636363636363646,
    0.319767441860465,
    0.0,
    0.4973684210526317,
    0.45999999999999996,
    0.4042105263157896,
    0.5224137931034483,
    0.4143835616438356,
    0.2724890829694324,
    0.2907801418439717,
    0.24761904761904763,
    0.5,
    0.5,
    0.0,
    0.09000000000000008,
    0.3946428571428573,
    0.3115789473684212,
    0.5795454545454546,
    0.22045454545454546,
    0.3836065573770493,
    0.21545667447306793,
    0.49612403100775193,
    0.48557213930348264,
    0.3400000000000001,
    0.37328767123287676,
    0.42253521126760574,
    0.19907407407407418,
    0.29391304347826086,
    0.5250000000000001,
    0.5933583959899749
  ],
  "gini_add_lines": [
    0.16666666666666674,
    0.4651070184171231,
    0.6715854495538778,
    0.17935656836461122,
    0.7260789014821274,
    0.14215148188803517,
    0.5853691689844629,
    0.4794063555878705,
    0.0,
    0.613704061180486,
    0.3987911497977261,
    0.5603296324598073,
    0.6201220519292421,
    0.40939210110843516,
    0.37826610418542916,
    0.3441246499578319,
    0.3598846304262808,
    0.6391521108832472,
    0.4880597014925374,
    0.0,
    0.2251785655508376,
    0.5895751204555411,
    0.5569139148181605,
    0.6743542087287959,
    0.28811490855504696,
    0.5779007089109343,
    0.29330758074882146,
    0.4514148792497499,
    0.47383475583810974,
    0.48665257547968976,
    0.30030771318417293,
    0.7133923022745163,
    0.444328463377885,
    0.2669192775168274,
    0.6288339320490859,
    0.7391078357334644
  ]
}