{
  "group_names": [
    "24",
    "25",
    "404",
    "18",
    "1",
    "5",
    "16",
    "19",
    "52",
    "46",
    "64",
    "68",
    "47",
    "66",
    "21",
    "30",
    "15",
    "2",
    "9",
    "34",
    "8",
    "7",
    "50",
    "41",
    "32",
    "37",
    "team27",
    "36",
    "91",
    "59",
    "team23",
    "team20",
    "team38",
    "12",
    "86",
    "team22",
    "42",
    "88"
  ],
  "gini_commit": [
    0.0,
    0.22222222222222232,
    0.0,
    0.4078947368421053,
    0.29761904761904767,
    0.0,
    0.23684210526315796,
    0.3764705882352941,
    0.26666666666666683,
    0.33000000000000007,
    0.0,
    0.05555555555555558,
    0.40384615384615374,
    0.25,
    0.2727272727272727,
    0.5111111111111111,
    0.42448979591836733,
    0.29909909909909915,
    0.40909090909090917,
    0.2528301886792452,
    0.4545454545454546,
    0.22352941176470598,
    0.3069620253164558,
    0.36521739130434794,
    0.25735294117647056,
    0.375,
    0.45731707317073167,
    0.5829787234042554,
    0.27450980392156854,
    0.5204819277108435,
    0.36543209876543203,
    0.31648351648351647,
    0.2954545454545454,
    0.37785467128027683,
    0.2236842105263157,
    0.25346534653465347,
    0.36092715231788075,
    0.22272727272727266
  ],
  "gini_add_lines": [
    0.0,
    0.45333333333333337,
    0.0,
    0.7433113223657994,
    0.4306961942084637,
    0.0,
    0.49942082675676036,
    0.7959753926697173,
    0.4384242900143962,
    0.6830140172614312,
    0.6183844011142061,
    0.10479041916167664,
    0.5621786815948817,
    0.4109947643979057,
    0.29325793498227193,
    0.4249867497018682,
    0.4773548303659956,
    0.43735807593700415,
    0.6120418204182041,
    0.2902486536037585,
    0.7469806087337019,
    0.6157137158018504,
    0.512975918074964,
    0.4099699356444191,
    0.16837743667011962,
    0.5256064667120783,
    0.5962543907400932,
    0.5564955592352854,
    0.38607443210532444,
    0.7988609405462226,
    0.681842786538009,
    0.5643545296141994,
    0.38001627628728185,
    0.4745589556827319,
    0.4121688760416431,
    0.5654137925472718,
    0.4993624400693666,
    0.4462728667855351
  ]
}